[{"model": "admin.logentry", "pk": 1, "fields": {"action_time": "2023-10-23T14:40:25.774Z", "user": 8, "content_type": 4, "object_id": "5", "object_repr": "Ahmed", "action_flag": 2, "change_message": "[{\"changed\": {\"fields\": [\"password\"]}}]"}}, {"model": "admin.logentry", "pk": 2, "fields": {"action_time": "2023-10-23T14:42:45.861Z", "user": 8, "content_type": 4, "object_id": "5", "object_repr": "Ahmed", "action_flag": 2, "change_message": "[{\"changed\": {\"fields\": [\"User permissions\"]}}]"}}, {"model": "admin.logentry", "pk": 3, "fields": {"action_time": "2023-10-23T14:43:52.280Z", "user": 8, "content_type": 4, "object_id": "5", "object_repr": "Ahmed", "action_flag": 2, "change_message": "[{\"changed\": {\"fields\": [\"Email address\"]}}]"}}, {"model": "admin.logentry", "pk": 4, "fields": {"action_time": "2023-10-23T14:49:20.444Z", "user": 8, "content_type": 3, "object_id": "1", "object_repr": "common", "action_flag": 1, "change_message": "[{\"added\": {}}]"}}, {"model": "admin.logentry", "pk": 5, "fields": {"action_time": "2023-10-23T14:49:29.589Z", "user": 8, "content_type": 3, "object_id": "2", "object_repr": "authors", "action_flag": 1, "change_message": "[{\"added\": {}}]"}}, {"model": "admin.logentry", "pk": 6, "fields": {"action_time": "2023-10-24T15:45:59.839Z", "user": 8, "content_type": 3, "object_id": "2", "object_repr": "authors", "action_flag": 2, "change_message": "[{\"changed\": {\"fields\": [\"Permissions\"]}}]"}}, {"model": "admin.logentry", "pk": 7, "fields": {"action_time": "2023-10-24T16:15:01.242Z", "user": 8, "content_type": 12, "object_id": "1", "object_repr": "127.0.0.1", "action_flag": 2, "change_message": "[{\"changed\": {\"fields\": [\"Domain name\"]}}]"}}, {"model": "admin.logentry", "pk": 8, "fields": {"action_time": "2023-10-24T16:18:40.271Z", "user": 8, "content_type": 17, "object_id": "1", "object_repr": "Google", "action_flag": 1, "change_message": "[{\"added\": {}}]"}}, {"model": "admin.logentry", "pk": 9, "fields": {"action_time": "2023-12-13T15:56:24.990Z", "user": 8, "content_type": 4, "object_id": "9", "object_repr": "rio", "action_flag": 2, "change_message": "[{\"changed\": {\"fields\": [\"password\"]}}]"}}, {"model": "auth.permission", "pk": 1, "fields": {"name": "Can add log entry", "content_type": 1, "codename": "add_logentry"}}, {"model": "auth.permission", "pk": 2, "fields": {"name": "Can change log entry", "content_type": 1, "codename": "change_logentry"}}, {"model": "auth.permission", "pk": 3, "fields": {"name": "Can delete log entry", "content_type": 1, "codename": "delete_logentry"}}, {"model": "auth.permission", "pk": 4, "fields": {"name": "Can view log entry", "content_type": 1, "codename": "view_logentry"}}, {"model": "auth.permission", "pk": 5, "fields": {"name": "Can add permission", "content_type": 2, "codename": "add_permission"}}, {"model": "auth.permission", "pk": 6, "fields": {"name": "Can change permission", "content_type": 2, "codename": "change_permission"}}, {"model": "auth.permission", "pk": 7, "fields": {"name": "Can delete permission", "content_type": 2, "codename": "delete_permission"}}, {"model": "auth.permission", "pk": 8, "fields": {"name": "Can view permission", "content_type": 2, "codename": "view_permission"}}, {"model": "auth.permission", "pk": 9, "fields": {"name": "Can add group", "content_type": 3, "codename": "add_group"}}, {"model": "auth.permission", "pk": 10, "fields": {"name": "Can change group", "content_type": 3, "codename": "change_group"}}, {"model": "auth.permission", "pk": 11, "fields": {"name": "Can delete group", "content_type": 3, "codename": "delete_group"}}, {"model": "auth.permission", "pk": 12, "fields": {"name": "Can view group", "content_type": 3, "codename": "view_group"}}, {"model": "auth.permission", "pk": 13, "fields": {"name": "Can add user", "content_type": 4, "codename": "add_user"}}, {"model": "auth.permission", "pk": 14, "fields": {"name": "Can change user", "content_type": 4, "codename": "change_user"}}, {"model": "auth.permission", "pk": 15, "fields": {"name": "Can delete user", "content_type": 4, "codename": "delete_user"}}, {"model": "auth.permission", "pk": 16, "fields": {"name": "Can view user", "content_type": 4, "codename": "view_user"}}, {"model": "auth.permission", "pk": 17, "fields": {"name": "Can add content type", "content_type": 5, "codename": "add_contenttype"}}, {"model": "auth.permission", "pk": 18, "fields": {"name": "Can change content type", "content_type": 5, "codename": "change_contenttype"}}, {"model": "auth.permission", "pk": 19, "fields": {"name": "Can delete content type", "content_type": 5, "codename": "delete_contenttype"}}, {"model": "auth.permission", "pk": 20, "fields": {"name": "Can view content type", "content_type": 5, "codename": "view_contenttype"}}, {"model": "auth.permission", "pk": 21, "fields": {"name": "Can add session", "content_type": 6, "codename": "add_session"}}, {"model": "auth.permission", "pk": 22, "fields": {"name": "Can change session", "content_type": 6, "codename": "change_session"}}, {"model": "auth.permission", "pk": 23, "fields": {"name": "Can delete session", "content_type": 6, "codename": "delete_session"}}, {"model": "auth.permission", "pk": 24, "fields": {"name": "Can view session", "content_type": 6, "codename": "view_session"}}, {"model": "auth.permission", "pk": 25, "fields": {"name": "Can add author", "content_type": 7, "codename": "add_author"}}, {"model": "auth.permission", "pk": 26, "fields": {"name": "Can change author", "content_type": 7, "codename": "change_author"}}, {"model": "auth.permission", "pk": 27, "fields": {"name": "Can delete author", "content_type": 7, "codename": "delete_author"}}, {"model": "auth.permission", "pk": 28, "fields": {"name": "Can view author", "content_type": 7, "codename": "view_author"}}, {"model": "auth.permission", "pk": 29, "fields": {"name": "Can add category", "content_type": 8, "codename": "add_category"}}, {"model": "auth.permission", "pk": 30, "fields": {"name": "Can change category", "content_type": 8, "codename": "change_category"}}, {"model": "auth.permission", "pk": 31, "fields": {"name": "Can delete category", "content_type": 8, "codename": "delete_category"}}, {"model": "auth.permission", "pk": 32, "fields": {"name": "Can view category", "content_type": 8, "codename": "view_category"}}, {"model": "auth.permission", "pk": 33, "fields": {"name": "Can add post", "content_type": 9, "codename": "add_post"}}, {"model": "auth.permission", "pk": 34, "fields": {"name": "Can change post", "content_type": 9, "codename": "change_post"}}, {"model": "auth.permission", "pk": 35, "fields": {"name": "Can delete post", "content_type": 9, "codename": "delete_post"}}, {"model": "auth.permission", "pk": 36, "fields": {"name": "Can view post", "content_type": 9, "codename": "view_post"}}, {"model": "auth.permission", "pk": 37, "fields": {"name": "Can add post category", "content_type": 10, "codename": "add_postcategory"}}, {"model": "auth.permission", "pk": 38, "fields": {"name": "Can change post category", "content_type": 10, "codename": "change_postcategory"}}, {"model": "auth.permission", "pk": 39, "fields": {"name": "Can delete post category", "content_type": 10, "codename": "delete_postcategory"}}, {"model": "auth.permission", "pk": 40, "fields": {"name": "Can view post category", "content_type": 10, "codename": "view_postcategory"}}, {"model": "auth.permission", "pk": 41, "fields": {"name": "Can add comment", "content_type": 11, "codename": "add_comment"}}, {"model": "auth.permission", "pk": 42, "fields": {"name": "Can change comment", "content_type": 11, "codename": "change_comment"}}, {"model": "auth.permission", "pk": 43, "fields": {"name": "Can delete comment", "content_type": 11, "codename": "delete_comment"}}, {"model": "auth.permission", "pk": 44, "fields": {"name": "Can view comment", "content_type": 11, "codename": "view_comment"}}, {"model": "auth.permission", "pk": 45, "fields": {"name": "Can add site", "content_type": 12, "codename": "add_site"}}, {"model": "auth.permission", "pk": 46, "fields": {"name": "Can change site", "content_type": 12, "codename": "change_site"}}, {"model": "auth.permission", "pk": 47, "fields": {"name": "Can delete site", "content_type": 12, "codename": "delete_site"}}, {"model": "auth.permission", "pk": 48, "fields": {"name": "Can view site", "content_type": 12, "codename": "view_site"}}, {"model": "auth.permission", "pk": 49, "fields": {"name": "Can add flat page", "content_type": 13, "codename": "add_flatpage"}}, {"model": "auth.permission", "pk": 50, "fields": {"name": "Can change flat page", "content_type": 13, "codename": "change_flatpage"}}, {"model": "auth.permission", "pk": 51, "fields": {"name": "Can delete flat page", "content_type": 13, "codename": "delete_flatpage"}}, {"model": "auth.permission", "pk": 52, "fields": {"name": "Can view flat page", "content_type": 13, "codename": "view_flatpage"}}, {"model": "auth.permission", "pk": 53, "fields": {"name": "Can add email address", "content_type": 14, "codename": "add_emailaddress"}}, {"model": "auth.permission", "pk": 54, "fields": {"name": "Can change email address", "content_type": 14, "codename": "change_emailaddress"}}, {"model": "auth.permission", "pk": 55, "fields": {"name": "Can delete email address", "content_type": 14, "codename": "delete_emailaddress"}}, {"model": "auth.permission", "pk": 56, "fields": {"name": "Can view email address", "content_type": 14, "codename": "view_emailaddress"}}, {"model": "auth.permission", "pk": 57, "fields": {"name": "Can add email confirmation", "content_type": 15, "codename": "add_emailconfirmation"}}, {"model": "auth.permission", "pk": 58, "fields": {"name": "Can change email confirmation", "content_type": 15, "codename": "change_emailconfirmation"}}, {"model": "auth.permission", "pk": 59, "fields": {"name": "Can delete email confirmation", "content_type": 15, "codename": "delete_emailconfirmation"}}, {"model": "auth.permission", "pk": 60, "fields": {"name": "Can view email confirmation", "content_type": 15, "codename": "view_emailconfirmation"}}, {"model": "auth.permission", "pk": 61, "fields": {"name": "Can add social account", "content_type": 16, "codename": "add_socialaccount"}}, {"model": "auth.permission", "pk": 62, "fields": {"name": "Can change social account", "content_type": 16, "codename": "change_socialaccount"}}, {"model": "auth.permission", "pk": 63, "fields": {"name": "Can delete social account", "content_type": 16, "codename": "delete_socialaccount"}}, {"model": "auth.permission", "pk": 64, "fields": {"name": "Can view social account", "content_type": 16, "codename": "view_socialaccount"}}, {"model": "auth.permission", "pk": 65, "fields": {"name": "Can add social application", "content_type": 17, "codename": "add_socialapp"}}, {"model": "auth.permission", "pk": 66, "fields": {"name": "Can change social application", "content_type": 17, "codename": "change_socialapp"}}, {"model": "auth.permission", "pk": 67, "fields": {"name": "Can delete social application", "content_type": 17, "codename": "delete_socialapp"}}, {"model": "auth.permission", "pk": 68, "fields": {"name": "Can view social application", "content_type": 17, "codename": "view_socialapp"}}, {"model": "auth.permission", "pk": 69, "fields": {"name": "Can add social application token", "content_type": 18, "codename": "add_socialtoken"}}, {"model": "auth.permission", "pk": 70, "fields": {"name": "Can change social application token", "content_type": 18, "codename": "change_socialtoken"}}, {"model": "auth.permission", "pk": 71, "fields": {"name": "Can delete social application token", "content_type": 18, "codename": "delete_socialtoken"}}, {"model": "auth.permission", "pk": 72, "fields": {"name": "Can view social application token", "content_type": 18, "codename": "view_socialtoken"}}, {"model": "auth.permission", "pk": 73, "fields": {"name": "Can add django job", "content_type": 19, "codename": "add_djangojob"}}, {"model": "auth.permission", "pk": 74, "fields": {"name": "Can change django job", "content_type": 19, "codename": "change_djangojob"}}, {"model": "auth.permission", "pk": 75, "fields": {"name": "Can delete django job", "content_type": 19, "codename": "delete_djangojob"}}, {"model": "auth.permission", "pk": 76, "fields": {"name": "Can view django job", "content_type": 19, "codename": "view_djangojob"}}, {"model": "auth.permission", "pk": 77, "fields": {"name": "Can add django job execution", "content_type": 20, "codename": "add_djangojobexecution"}}, {"model": "auth.permission", "pk": 78, "fields": {"name": "Can change django job execution", "content_type": 20, "codename": "change_djangojobexecution"}}, {"model": "auth.permission", "pk": 79, "fields": {"name": "Can delete django job execution", "content_type": 20, "codename": "delete_djangojobexecution"}}, {"model": "auth.permission", "pk": 80, "fields": {"name": "Can view django job execution", "content_type": 20, "codename": "view_djangojobexecution"}}, {"model": "auth.group", "pk": 1, "fields": {"name": "common", "permissions": []}}, {"model": "auth.group", "pk": 2, "fields": {"name": "authors", "permissions": [33, 34]}}, {"model": "auth.user", "pk": 1, "fields": {"password": "!lfTR8pYlwi1AYkwO7SeiBa2EEcVzOFH6fYQZl0Nc", "last_login": null, "is_superuser": false, "username": "Igor", "first_name": "", "last_name": "", "email": "", "is_staff": false, "is_active": true, "date_joined": "2023-10-05T15:00:16.454Z", "groups": [], "user_permissions": []}}, {"model": "auth.user", "pk": 2, "fields": {"password": "!pmzmp1iXDugiWtRxr25c2Mfbyp0jgBAMQU6fI4Dy", "last_login": null, "is_superuser": false, "username": "Lena", "first_name": "", "last_name": "", "email": "", "is_staff": false, "is_active": true, "date_joined": "2023-10-05T15:00:24.268Z", "groups": [], "user_permissions": []}}, {"model": "auth.user", "pk": 3, "fields": {"password": "", "last_login": null, "is_superuser": false, "username": "Ilya", "first_name": "", "last_name": "", "email": "", "is_staff": false, "is_active": true, "date_joined": "2023-10-05T15:17:04.084Z", "groups": [], "user_permissions": []}}, {"model": "auth.user", "pk": 4, "fields": {"password": "", "last_login": null, "is_superuser": false, "username": "Mike", "first_name": "", "last_name": "", "email": "", "is_staff": false, "is_active": true, "date_joined": "2023-10-05T15:17:08.435Z", "groups": [], "user_permissions": []}}, {"model": "auth.user", "pk": 5, "fields": {"password": "pbkdf2_sha256$600000$ZcKDd4ZIdYSiYyUjve90f5$3R1Q85AXHEApeFIAZjUJ0lgtayh6uq2CdN5Ws80nNsU=", "last_login": "2023-10-23T14:45:02.450Z", "is_superuser": false, "username": "Ahmed", "first_name": "", "last_name": "", "email": "ahmed@mail.ru", "is_staff": false, "is_active": true, "date_joined": "2023-10-05T15:17:16Z", "groups": [], "user_permissions": [33]}}, {"model": "auth.user", "pk": 6, "fields": {"password": "", "last_login": null, "is_superuser": false, "username": "Paul", "first_name": "", "last_name": "", "email": "", "is_staff": false, "is_active": true, "date_joined": "2023-10-05T15:17:28.736Z", "groups": [], "user_permissions": []}}, {"model": "auth.user", "pk": 7, "fields": {"password": "", "last_login": null, "is_superuser": false, "username": "Tyuring", "first_name": "", "last_name": "", "email": "", "is_staff": false, "is_active": true, "date_joined": "2023-10-05T15:17:54.557Z", "groups": [], "user_permissions": []}}, {"model": "auth.user", "pk": 8, "fields": {"password": "pbkdf2_sha256$600000$KW7CUX6EXsYqpegW74EKQB$ByRAemwRk/njAG3SSAP3paSbPVYFRSAzbWewAFf39Rs=", "last_login": "2024-01-04T05:20:22.789Z", "is_superuser": true, "username": "admin", "first_name": "", "last_name": "", "email": "", "is_staff": true, "is_active": true, "date_joined": "2023-10-12T11:18:38.509Z", "groups": [2], "user_permissions": []}}, {"model": "auth.user", "pk": 9, "fields": {"password": "pbkdf2_sha256$600000$jzOGuLaG1UhW3zK7VZxmmp$fy7EuDIVzX/9g4aUhW0D8Um+U7vGklkUVQnHf8EZYbw=", "last_login": "2023-10-24T16:21:01.187Z", "is_superuser": false, "username": "rio", "first_name": "", "last_name": "", "email": "rio@mail.ru", "is_staff": false, "is_active": true, "date_joined": "2023-10-23T15:02:38.990Z", "groups": [2], "user_permissions": []}}, {"model": "auth.user", "pk": 10, "fields": {"password": "pbkdf2_sha256$600000$VFqMSF933PaZuxnxCw7aeZ$88w4QALyMu3ACUSbIA64Lro0weGokL6Gyj/vS+hS8DE=", "last_login": "2023-10-23T15:09:23.535Z", "is_superuser": false, "username": "kia", "first_name": "", "last_name": "", "email": "kia@mail.ru", "is_staff": false, "is_active": true, "date_joined": "2023-10-23T15:09:23.191Z", "groups": [1], "user_permissions": []}}, {"model": "contenttypes.contenttype", "pk": 1, "fields": {"app_label": "admin", "model": "logentry"}}, {"model": "contenttypes.contenttype", "pk": 2, "fields": {"app_label": "auth", "model": "permission"}}, {"model": "contenttypes.contenttype", "pk": 3, "fields": {"app_label": "auth", "model": "group"}}, {"model": "contenttypes.contenttype", "pk": 4, "fields": {"app_label": "auth", "model": "user"}}, {"model": "contenttypes.contenttype", "pk": 5, "fields": {"app_label": "contenttypes", "model": "contenttype"}}, {"model": "contenttypes.contenttype", "pk": 6, "fields": {"app_label": "sessions", "model": "session"}}, {"model": "contenttypes.contenttype", "pk": 7, "fields": {"app_label": "News", "model": "author"}}, {"model": "contenttypes.contenttype", "pk": 8, "fields": {"app_label": "News", "model": "category"}}, {"model": "contenttypes.contenttype", "pk": 9, "fields": {"app_label": "News", "model": "post"}}, {"model": "contenttypes.contenttype", "pk": 10, "fields": {"app_label": "News", "model": "postcategory"}}, {"model": "contenttypes.contenttype", "pk": 11, "fields": {"app_label": "News", "model": "comment"}}, {"model": "contenttypes.contenttype", "pk": 12, "fields": {"app_label": "sites", "model": "site"}}, {"model": "contenttypes.contenttype", "pk": 13, "fields": {"app_label": "flatpages", "model": "flatpage"}}, {"model": "contenttypes.contenttype", "pk": 14, "fields": {"app_label": "account", "model": "emailaddress"}}, {"model": "contenttypes.contenttype", "pk": 15, "fields": {"app_label": "account", "model": "emailconfirmation"}}, {"model": "contenttypes.contenttype", "pk": 16, "fields": {"app_label": "socialaccount", "model": "socialaccount"}}, {"model": "contenttypes.contenttype", "pk": 17, "fields": {"app_label": "socialaccount", "model": "socialapp"}}, {"model": "contenttypes.contenttype", "pk": 18, "fields": {"app_label": "socialaccount", "model": "socialtoken"}}, {"model": "contenttypes.contenttype", "pk": 19, "fields": {"app_label": "django_apscheduler", "model": "djangojob"}}, {"model": "contenttypes.contenttype", "pk": 20, "fields": {"app_label": "django_apscheduler", "model": "djangojobexecution"}}, {"model": "sessions.session", "pk": "1lu52b9dixjs3ec85fjea7v3ukgurjty", "fields": {"session_data": ".eJxVjDkOwjAUBe_iGlkQ75T0nCH6_gsOIFuKkwpxd4iUAto3M--lRliXMq6d53EidVZRHX63DPjgugG6Q701ja0u85T1puiddn1txM_L7v4dFOjlWxuDAsNgknccEpLnYE5swJJIEMfioyUM3qUYJKJ3lJ0HYcxHGzKLen8A-oA49A:1rDRsw:YUQ-A1Kk9TrqWTr8paBBvyOIre7PIyJUEL70E4QebGc", "expire_date": "2023-12-27T16:14:58.846Z"}}, {"model": "sessions.session", "pk": "bqt3vzdji0v2wrrd6rot42w7j3gic8bg", "fields": {"session_data": ".eJxVjDkOwjAUBe_iGlkQ75T0nCH6_gsOIFuKkwpxd4iUAto3M--lRliXMq6d53EidVZRHX63DPjgugG6Q701ja0u85T1puiddn1txM_L7v4dFOjlWxuDAsNgknccEpLnYE5swJJIEMfioyUM3qUYJKJ3lJ0HYcxHGzKLen8A-oA49A:1rLG9W:BvaOUKHhesIrFfoq6YfoeMIA2PKYg0L61aoWxc77pUE", "expire_date": "2024-01-18T05:20:22.794Z"}}, {"model": "sessions.session", "pk": "gzwi0s0uda3kuchvsx8oxgckwfrg4ulx", "fields": {"session_data": ".eJxVUE1rwzAM_S86h8TOh5301l0G3S67DMYYRnGUxSy1Q-y0HaX_fU4JjN6k956kp3cF77TBEbV2iw3KBwwEu88rWLoE2EFm6eyzPKPOhAwSmGanyfvIjO7b2Ih47aY4ArHEJQxqwhmPqwBuCXycno8Hej29vfcv4-HcwFcC6i5bPM3KdFHXwAPWov4huxI4jiucbubSu2ajfbqPHdlgNAbj7NM29bBqQD_EPS3PZVHXrKxy1le9aBmJnLeSeilqLEspOEnGWs2wq0jKlse6kFjmTdHLol8_2_LB_6PUKYwJcdHUXJSl4ClvclbJ6MDHhKInRZfJzL-wY7c_sIp2uA:1qvK9N:Blj9VmQeHlMt4lJ6y988PThdVIKcM588QjeYhfZNxCg", "expire_date": "2023-11-07T16:21:01.194Z"}}, {"model": "sites.site", "pk": 1, "fields": {"domain": "127.0.0.1", "name": "example.com"}}, {"model": "News.author", "pk": 1, "fields": {"rating": 28, "user": 1}}, {"model": "News.author", "pk": 2, "fields": {"rating": 11, "user": 2}}, {"model": "News.category", "pk": 1, "fields": {"name": "cats", "subscribers": [9]}}, {"model": "News.category", "pk": 2, "fields": {"name": "dogs", "subscribers": [8, 9, 10]}}, {"model": "News.category", "pk": 3, "fields": {"name": "pigs", "subscribers": [9]}}, {"model": "News.category", "pk": 4, "fields": {"name": "copybars", "subscribers": [9]}}, {"model": "News.post", "pk": 1, "fields": {"author": 2, "type": "AR", "date_time": "2023-10-05T15:30:01Z", "subject": "yellow dog", "text": "In tortor, non integer lacinia nunc cras consectetur risus arcu nulla morbi justo et id lectus morbi tempus molestie elit. Dictumst. Eleifend mollis in augue efficitur nec cras sit dictumst. Dolor et sed tempus non nulla pulvinar ornare accumsan odio. Est. Dictum. Ipsum tempus mollis velit vulputate", "rating": 5}}, {"model": "News.post", "pk": 2, "fields": {"author": 1, "type": "NW", "date_time": "2023-10-02T10:27:05Z", "subject": "black copybar", "text": "Mauris ex. Dictum. Ipsum interdum urna molestie velit in leo, habitasse mattis libero, amet, hac ornare dictum. In malesuada imperdiet eleifend est. Sit habitasse sit nisi et sed tortor, adipiscing libero, sapien leo, pulvinar vel urna eget hac consectetur accumsan sapien urna sit in sed integer int", "rating": 1}}, {"model": "News.post", "pk": 3, "fields": {"author": 2, "type": "AR", "date_time": "2023-09-05T12:05:00Z", "subject": "red cat", "text": "Sit pulvinar amet, ipsum libero, cras nisi mattis id sit sodales non quis, arcu ornare dolor consectetur lorem sed sodales nec augue eget dolor nisi eget sodales mattis sed sit leo, cras velit et in morbi sodales sapien vulputate elit. Non dictumst. Molestie malesuada sed cras lorem mauris platea cu", "rating": -1}}, {"model": "News.post", "pk": 4, "fields": {"author": 2, "type": "NW", "date_time": "2023-09-05T18:05:00Z", "subject": "monster", "text": "Efficitur nisi tortor, in dictumst. Augue ipsum mollis lectus amet, pellentesque leo, lectus dictumst. In integer leo, interdum faucibus. Molestie velit elit. Odio. Ex. Ut. Luctus vitae efficitur dui est. Vulputate in dictum vulputate vestibulum ultricies. Lacinia sed dolor malesuada tortor, mattis ", "rating": 4}}, {"model": "News.post", "pk": 5, "fields": {"author": 1, "type": "NW", "date_time": "2023-08-06T18:05:00Z", "subject": "Ivan2", "text": "Dictum. Efficitur amet amet consectetur adipiscing accumsan et tortor, consectetur mauris cursus platea sodales sapien urna leo, molestie dictum libero, ex. Est. Interdum ex. Et est. Id dui amet lectus non sed justo amet, cras cras mollis pellentesque consectetur et in ut. Sapien augue efficitur ex.", "rating": 9}}, {"model": "News.post", "pk": 6, "fields": {"author": 1, "type": "AR", "date_time": "2023-09-05T18:05:00Z", "subject": "Truler", "text": "Lorem sit eleifend tortor, sed mollis et leo, sed leo, molestie venenatis tempus nisi arcu lectus pellentesque lacinia faucibus. Amet efficitur in tempus molestie dictum dui luctus non elit. In sit in sed eget vel et vel quam, vulputate dolor leo, integer urna quis, non urna quis, morbi amet odio. N", "rating": 5}}, {"model": "News.post", "pk": 7, "fields": {"author": 2, "type": "NW", "date_time": "2023-09-25T18:05:00Z", "subject": "Rutren", "text": "Ut. Habitasse dolor mollis non vel platea aenean lacinia id amet mattis molestie et eget arcu morbi vestibulum imperdiet ex. Vitae morbi et morbi eget accumsan habitasse tempus nunc interdum cursus hac mauris tortor, vitae molestie urna dictumst. Non cras mauris adipiscing arcu cursus ipsum amet, ad", "rating": -3}}, {"model": "News.post", "pk": 8, "fields": {"author": 2, "type": "AR", "date_time": "2023-09-15T18:55:00Z", "subject": "Cup", "text": "Augue et. Pellentesque orci, ornare lacinia mattis nulla sed urna elit. Sed sed tempus mollis in sodales vestibulum est. Ut. Cursus dolor justo ex. Arcu ut. Ornare sed nec quis, sodales in justo sed molestie in vulputate cursus luctus venenatis non dolor cras sed tortor, vestibulum habitasse dolor l", "rating": 0}}, {"model": "News.post", "pk": 9, "fields": {"author": 2, "type": "NW", "date_time": "2023-09-05T20:05:00Z", "subject": "Orelly", "text": "Sit risus cras efficitur venenatis sapien ornare non augue sed efficitur ornare nunc in vestibulum sed sapien velit malesuada dapibus in adipiscing sit non pellentesque sapien habitasse lacinia faucibus. Amet, nisi pellentesque non in id interdum ornare lacinia faucibus. Sed integer molestie vulputa", "rating": 10}}, {"model": "News.post", "pk": 10, "fields": {"author": 1, "type": "AR", "date_time": "2023-09-05T18:05:00Z", "subject": "Custom", "text": "Quis, urna id velit sit dapibus mollis consectetur aenean tempus elit. Augue mollis urna luctus amet lectus interdum cursus vestibulum venenatis dictum. Augue amet, vitae amet, sodales sapien justo non leo, dolor cras vitae ornare non nisi dictum orci, dui consectetur molestie mattis sed in vel in d", "rating": 4}}, {"model": "News.post", "pk": 11, "fields": {"author": 2, "type": "AR", "date_time": "2023-09-15T19:05:00Z", "subject": "Ubuntu", "text": "Molestie sit et integer morbi tempus vitae sed sit sapien in faucibus. Luctus mauris ut. Cras luctus mattis vestibulum habitasse in lectus augue ipsum amet sodales ornare mollis mattis arcu vel venenatis imperdiet molestie id dictum. Interdum tempus vitae ultricies. Sit arcu eleifend imperdiet dui i", "rating": 8}}, {"model": "News.post", "pk": 12, "fields": {"author": 1, "type": "AR", "date_time": "2023-09-05T18:05:00Z", "subject": "Microsoft", "text": "Ipsum sit eleifend cras integer integer elit. Accumsan tempus elit. Nunc pulvinar nunc nisi velit justo cursus cursus dapibus adipiscing vel ornare orci, faucibus. Tortor, nisi morbi leo, ultricies. Malesuada amet faucibus. Est. Nulla amet, eleifend lectus adipiscing elit. Mollis molestie libero, pe", "rating": 3}}, {"model": "News.post", "pk": 13, "fields": {"author": 2, "type": "NW", "date_time": "2023-10-05T18:05:00Z", "subject": "Static", "text": "Libero, ipsum vel vel amet, mattis mauris et malesuada mattis dolor molestie ipsum nulla dictum. Habitasse mattis dolor in vel arcu nec sed efficitur nisi platea vitae tortor, arcu mauris adipiscing arcu lectus interdum non consectetur mauris vulputate ut. Orci, ipsum justo ut. Ut. Platea malesuada ", "rating": 5}}, {"model": "News.post", "pk": 16, "fields": {"author": 1, "type": "NW", "date_time": "2023-10-20T15:40:56.749Z", "subject": "Dinamic", "text": "Lorem sit eleifend tortor, sed mollis et leo, sed leo, molestie venenatis tempus nisi arcu lectus pellentesque lacinia faucibus. Amet efficitur in tempus molestie dictum dui luctus non elit. In sit in sed eget vel et vel quam, vulputate dolor leo, integer urna quis, non urna quis, morbi amet odio. N", "rating": 0}}, {"model": "News.post", "pk": 17, "fields": {"author": 1, "type": "NW", "date_time": "2023-10-20T15:49:43.566Z", "subject": "test", "text": "Augue et. Pellentesque orci, ornare lacinia mattis nulla sed urna elit. Sed sed tempus mollis in sodales vestibulum est. Ut. Cursus dolor justo ex. Arcu ut. Ornare sed nec quis, sodales in justo sed molestie in vulputate cursus luctus venenatis non dolor cras sed tortor, vestibulum habitasse dolor l", "rating": 0}}, {"model": "News.post", "pk": 18, "fields": {"author": 1, "type": "NW", "date_time": "2023-10-20T15:51:48.280Z", "subject": "test123", "text": "In tortor, non integer lacinia nunc cras consectetur risus arcu nulla morbi justo et id lectus morbi tempus molestie elit. Dictumst. Eleifend mollis in augue efficitur nec cras sit dictumst. Dolor et sed tempus non nulla pulvinar ornare accumsan odio. Est. Dictum. Ipsum tempus mollis velit vulputate", "rating": 45}}, {"model": "News.post", "pk": 19, "fields": {"author": 1, "type": "AR", "date_time": "2023-10-20T16:05:31.146Z", "subject": "article", "text": "Dictum. Efficitur amet amet consectetur adipiscing accumsan et tortor, consectetur mauris cursus platea sodales sapien urna leo, molestie dictum libero, ex. Est. Interdum ex. Et est. Id dui amet lectus non sed justo amet, cras cras mollis pellentesque consectetur et in ut. Sapien augue efficitur ex.", "rating": 3}}, {"model": "News.post", "pk": 20, "fields": {"author": 1, "type": "NW", "date_time": "2023-10-20T16:17:08.333Z", "subject": "ertrtrthrth", "text": "Sit pulvinar amet, ipsum libero, cras nisi mattis id sit sodales non quis, arcu ornare dolor consectetur lorem sed sodales nec augue eget dolor nisi eget sodales mattis sed sit leo, cras velit et in morbi sodales sapien vulputate elit. Non dictumst. Molestie malesuada sed cras lorem mauris platea cu", "rating": 0}}, {"model": "News.post", "pk": 24, "fields": {"author": 1, "type": "NW", "date_time": "2023-12-13T12:54:05.449Z", "subject": "News01", "text": "TesttestTesttestTesttestTesttestTesttestTesttestTesttestTesttestTesttestTesttestTesttestTesttestTesttestTesttestTesttestTesttestTesttestTesttestTesttestTesttestTesttestTesttestTesttestTesttestTesttest", "rating": 1}}, {"model": "News.post", "pk": 25, "fields": {"author": 1, "type": "NW", "date_time": "2023-12-13T12:57:06.959Z", "subject": "News01", "text": "TesttestTesttestTesttestTesttestTesttestTesttestTesttestTesttestTesttestTesttestTesttestTesttestTesttestTesttestTesttestTesttestTesttestTesttestTesttestTesttestTesttestTesttestTesttestTesttestTesttest", "rating": 1}}, {"model": "News.post", "pk": 26, "fields": {"author": 1, "type": "NW", "date_time": "2023-12-13T15:51:44.763Z", "subject": "News02", "text": "TesttestTesttestTesttestTesttestTesttestTesttestTesttestTesttestTesttestTesttestTesttestTesttestTesttestTesttestTesttestTesttestTesttestTesttestTesttestTesttestTesttestTesttestTesttestTesttestTesttest", "rating": 0}}, {"model": "News.post", "pk": 27, "fields": {"author": 1, "type": "NW", "date_time": "2023-12-13T15:53:00.071Z", "subject": "News02", "text": "TesttestTesttestTesttestTesttestTesttestTesttestTesttestTesttestTesttestTesttestTesttestTesttestTesttestTesttestTesttestTesttestTesttestTesttestTesttestTesttestTesttestTesttestTesttestTesttestTesttest", "rating": 0}}, {"model": "News.post", "pk": 28, "fields": {"author": 1, "type": "AR", "date_time": "2023-12-13T15:53:35.825Z", "subject": "Subject01", "text": "TextTextTextTextTextTextTextTextTextTextTextTextTextTextTextTextTextTextTextTextTextTextTextTextTextTextTextTextTextTextTextTextTextTextTextTextTextTextTextTextTextTextTextTextTextTextTextTextTextTextTextTextTextTextTextTextTextTextTextTextTextTextTextTextTextTextTextTextTextTextTextText", "rating": 0}}, {"model": "News.post", "pk": 29, "fields": {"author": 2, "type": "NW", "date_time": "2023-12-13T15:57:31.772Z", "subject": "Subject02", "text": "TextTextTextTextTextTextTextTextTextTextTextTextTextTextTextTextTextTextTextTextText", "rating": 0}}, {"model": "News.post", "pk": 30, "fields": {"author": 2, "type": "NW", "date_time": "2023-12-13T16:02:02.009Z", "subject": "Subject03", "text": "sadgfsdafgsdfg", "rating": 0}}, {"model": "News.post", "pk": 31, "fields": {"author": 1, "type": "NW", "date_time": "2023-12-13T16:02:51.848Z", "subject": "Subject04", "text": "asdfasdf", "rating": 0}}, {"model": "News.post", "pk": 32, "fields": {"author": 1, "type": "NW", "date_time": "2023-12-13T16:03:49.815Z", "subject": "Subject05", "text": "asdfgsdafgsdfg", "rating": 0}}, {"model": "News.post", "pk": 33, "fields": {"author": 1, "type": "NW", "date_time": "2023-12-13T16:15:20.333Z", "subject": "Subject06", "text": "fghjgfdhjfghjgfhj", "rating": 0}}, {"model": "News.post", "pk": 34, "fields": {"author": 1, "type": "AR", "date_time": "2023-12-26T15:55:51.884Z", "subject": "test01", "text": "text", "rating": 0}}, {"model": "News.post", "pk": 35, "fields": {"author": 1, "type": "AR", "date_time": "2023-12-26T16:04:07.256Z", "subject": "asdf", "text": "sfdgh", "rating": 0}}, {"model": "News.post", "pk": 36, "fields": {"author": 1, "type": "AR", "date_time": "2023-12-26T16:29:06.324Z", "subject": "fyukyuk", "text": "tukutk,gtuik,", "rating": 0}}, {"model": "News.post", "pk": 37, "fields": {"author": 1, "type": "AR", "date_time": "2023-12-26T16:30:37.229Z", "subject": "dtyjdftyhj", "text": "dghj", "rating": 0}}, {"model": "News.post", "pk": 38, "fields": {"author": 1, "type": "AR", "date_time": "2023-12-26T16:32:03.786Z", "subject": "dfgh", "text": "dghfnjfghj", "rating": 0}}, {"model": "News.post", "pk": 39, "fields": {"author": 1, "type": "AR", "date_time": "2023-12-26T16:40:58.169Z", "subject": "hgttyj", "text": "tjzdfg", "rating": 0}}, {"model": "News.post", "pk": 40, "fields": {"author": 1, "type": "AR", "date_time": "2024-01-04T05:20:48.233Z", "subject": "Testing", "text": "sdfbxvnfghjyu", "rating": 0}}, {"model": "News.postcategory", "pk": 1, "fields": {"post_id": 1, "category_id": 1}}, {"model": "News.postcategory", "pk": 2, "fields": {"post_id": 2, "category_id": 1}}, {"model": "News.postcategory", "pk": 3, "fields": {"post_id": 2, "category_id": 3}}, {"model": "News.postcategory", "pk": 4, "fields": {"post_id": 3, "category_id": 1}}, {"model": "News.postcategory", "pk": 5, "fields": {"post_id": 4, "category_id": 1}}, {"model": "News.postcategory", "pk": 6, "fields": {"post_id": 5, "category_id": 3}}, {"model": "News.postcategory", "pk": 7, "fields": {"post_id": 6, "category_id": 4}}, {"model": "News.postcategory", "pk": 8, "fields": {"post_id": 7, "category_id": 4}}, {"model": "News.postcategory", "pk": 9, "fields": {"post_id": 8, "category_id": 2}}, {"model": "News.postcategory", "pk": 10, "fields": {"post_id": 9, "category_id": 1}}, {"model": "News.postcategory", "pk": 11, "fields": {"post_id": 10, "category_id": 1}}, {"model": "News.postcategory", "pk": 12, "fields": {"post_id": 11, "category_id": 3}}, {"model": "News.postcategory", "pk": 13, "fields": {"post_id": 12, "category_id": 4}}, {"model": "News.postcategory", "pk": 14, "fields": {"post_id": 20, "category_id": 4}}, {"model": "News.postcategory", "pk": 15, "fields": {"post_id": 19, "category_id": 2}}, {"model": "News.postcategory", "pk": 16, "fields": {"post_id": 16, "category_id": 1}}, {"model": "News.postcategory", "pk": 17, "fields": {"post_id": 27, "category_id": 1}}, {"model": "News.postcategory", "pk": 18, "fields": {"post_id": 28, "category_id": 1}}, {"model": "News.postcategory", "pk": 19, "fields": {"post_id": 29, "category_id": 1}}, {"model": "News.postcategory", "pk": 20, "fields": {"post_id": 30, "category_id": 3}}, {"model": "News.postcategory", "pk": 21, "fields": {"post_id": 31, "category_id": 3}}, {"model": "News.postcategory", "pk": 22, "fields": {"post_id": 33, "category_id": 1}}, {"model": "News.postcategory", "pk": 23, "fields": {"post_id": 34, "category_id": 1}}, {"model": "News.postcategory", "pk": 24, "fields": {"post_id": 35, "category_id": 3}}, {"model": "News.postcategory", "pk": 25, "fields": {"post_id": 36, "category_id": 3}}, {"model": "News.postcategory", "pk": 26, "fields": {"post_id": 37, "category_id": 4}}, {"model": "News.postcategory", "pk": 27, "fields": {"post_id": 38, "category_id": 2}}, {"model": "News.postcategory", "pk": 28, "fields": {"post_id": 39, "category_id": 4}}, {"model": "News.postcategory", "pk": 29, "fields": {"post_id": 40, "category_id": 3}}, {"model": "News.comment", "pk": 1, "fields": {"post": 1, "user": 1, "text": "very good!", "date_time": "2023-10-05", "rating": 11}}, {"model": "News.comment", "pk": 2, "fields": {"post": 2, "user": 1, "text": "so-so", "date_time": "2023-10-05", "rating": 6}}, {"model": "News.comment", "pk": 3, "fields": {"post": 2, "user": 1, "text": "what is it?!!", "date_time": "2023-10-05", "rating": -2}}, {"model": "News.comment", "pk": 4, "fields": {"post": 3, "user": 1, "text": "bad!", "date_time": "2023-10-05", "rating": -1}}, {"model": "News.comment", "pk": 5, "fields": {"post": 3, "user": 5, "text": "i like it!", "date_time": "2023-10-05", "rating": -1}}, {"model": "News.comment", "pk": 6, "fields": {"post": 2, "user": 5, "text": "i want eat!", "date_time": "2023-10-05", "rating": 1}}, {"model": "News.comment", "pk": 7, "fields": {"post": 1, "user": 4, "text": "wtf?", "date_time": "2023-10-05", "rating": 1}}, {"model": "News.comment", "pk": 8, "fields": {"post": 2, "user": 4, "text": "hello!", "date_time": "2023-10-05", "rating": 4}}, {"model": "News.comment", "pk": 9, "fields": {"post": 2, "user": 3, "text": "i like sleep!", "date_time": "2023-10-05", "rating": 1}}, {"model": "News.comment", "pk": 10, "fields": {"post": 2, "user": 2, "text": "who are you?", "date_time": "2023-10-05", "rating": 1}}, {"model": "account.emailaddress", "pk": 1, "fields": {"user": 9, "email": "rio@mail.ru", "verified": false, "primary": true}}, {"model": "account.emailaddress", "pk": 2, "fields": {"user": 10, "email": "kia@mail.ru", "verified": false, "primary": true}}, {"model": "socialaccount.socialapp", "pk": 1, "fields": {"provider": "google", "provider_id": "Google", "name": "Google", "client_id": "909952810047-ub3u93jpg25jt5qmq4dnrdjifedra07f.apps.googleusercontent.com", "secret": "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", "key": "", "settings": {}, "sites": [1]}}, {"model": "django_apscheduler.djangojob", "pk": "delete_old_job_executions", "fields": {"next_run_time": "2023-12-18T00:00:00Z", "job_state": "gAWVTwQAAAAAAAB9lCiMB3ZlcnNpb26USwGMAmlklIwZZGVsZXRlX29sZF9qb2JfZXhlY3V0aW9uc5SMBGZ1bmOUjEFOZXdzLm1hbmFnZW1lbnQuY29tbWFuZHMucnVuYXBzY2hlZHVsZXI6ZGVsZXRlX29sZF9qb2JfZXhlY3V0aW9uc5SMB3RyaWdnZXKUjBlhcHNjaGVkdWxlci50cmlnZ2Vycy5jcm9ulIwLQ3JvblRyaWdnZXKUk5QpgZR9lChoAUsCjAh0aW1lem9uZZSMCGJ1aWx0aW5zlIwHZ2V0YXR0cpSTlIwIem9uZWluZm+UjAhab25lSW5mb5STlIwJX3VucGlja2xllIaUUpSMA1VUQ5RLAYaUUpSMCnN0YXJ0X2RhdGWUTowIZW5kX2RhdGWUTowGZmllbGRzlF2UKIwgYXBzY2hlZHVsZXIudHJpZ2dlcnMuY3Jvbi5maWVsZHOUjAlCYXNlRmllbGSUk5QpgZR9lCiMBG5hbWWUjAR5ZWFylIwKaXNfZGVmYXVsdJSIjAtleHByZXNzaW9uc5RdlIwlYXBzY2hlZHVsZXIudHJpZ2dlcnMuY3Jvbi5leHByZXNzaW9uc5SMDUFsbEV4cHJlc3Npb26Uk5QpgZR9lIwEc3RlcJROc2JhdWJoHYwKTW9udGhGaWVsZJSTlCmBlH2UKGgijAVtb250aJRoJIhoJV2UaCkpgZR9lGgsTnNiYXViaB2MD0RheU9mTW9udGhGaWVsZJSTlCmBlH2UKGgijANkYXmUaCSIaCVdlGgpKYGUfZRoLE5zYmF1YmgdjAlXZWVrRmllbGSUk5QpgZR9lChoIowEd2Vla5RoJIhoJV2UaCkpgZR9lGgsTnNiYXViaB2MDkRheU9mV2Vla0ZpZWxklJOUKYGUfZQoaCKMC2RheV9vZl93ZWVrlGgkiWglXZRoJ4wWV2Vla2RheVJhbmdlRXhwcmVzc2lvbpSTlCmBlH2UKGgsTowFZmlyc3SUSwCMBGxhc3SUSwB1YmF1YmgfKYGUfZQoaCKMBGhvdXKUaCSJaCVdlGgnjA9SYW5nZUV4cHJlc3Npb26Uk5QpgZR9lChoLE5oT0sAaFBLAHViYXViaB8pgZR9lChoIowGbWludXRllGgkiWglXZRoVimBlH2UKGgsTmhPSwBoUEsAdWJhdWJoHymBlH2UKGgijAZzZWNvbmSUaCSIaCVdlGhWKYGUfZQoaCxOaE9LAGhQSwB1YmF1YmWMBmppdHRlcpROdWKMCGV4ZWN1dG9ylIwHZGVmYXVsdJSMBGFyZ3OUKYwGa3dhcmdzlH2UaCJoA4wSbWlzZmlyZV9ncmFjZV90aW1llEsBjAhjb2FsZXNjZZSIjA1tYXhfaW5zdGFuY2VzlEsBjA1uZXh0X3J1bl90aW1llIwIZGF0ZXRpbWWUjAhkYXRldGltZZSTlEMKB+cMEgAAAAAAAJRoGIaUUpR1Lg=="}}, {"model": "django_apscheduler.djangojob", "pk": "my_job", "fields": {"next_run_time": "2023-12-14T16:01:10Z", "job_state": "gAWVzAMAAAAAAAB9lCiMB3ZlcnNpb26USwGMAmlklIwGbXlfam9ilIwEZnVuY5SMLk5ld3MubWFuYWdlbWVudC5jb21tYW5kcy5ydW5hcHNjaGVkdWxlcjpteV9qb2KUjAd0cmlnZ2VylIwZYXBzY2hlZHVsZXIudHJpZ2dlcnMuY3JvbpSMC0Nyb25UcmlnZ2VylJOUKYGUfZQoaAFLAowIdGltZXpvbmWUjAhidWlsdGluc5SMB2dldGF0dHKUk5SMCHpvbmVpbmZvlIwIWm9uZUluZm+Uk5SMCV91bnBpY2tsZZSGlFKUjANVVEOUSwGGlFKUjApzdGFydF9kYXRllE6MCGVuZF9kYXRllE6MBmZpZWxkc5RdlCiMIGFwc2NoZWR1bGVyLnRyaWdnZXJzLmNyb24uZmllbGRzlIwJQmFzZUZpZWxklJOUKYGUfZQojARuYW1llIwEeWVhcpSMCmlzX2RlZmF1bHSUiIwLZXhwcmVzc2lvbnOUXZSMJWFwc2NoZWR1bGVyLnRyaWdnZXJzLmNyb24uZXhwcmVzc2lvbnOUjA1BbGxFeHByZXNzaW9ulJOUKYGUfZSMBHN0ZXCUTnNiYXViaB2MCk1vbnRoRmllbGSUk5QpgZR9lChoIowFbW9udGiUaCSIaCVdlGgpKYGUfZRoLE5zYmF1YmgdjA9EYXlPZk1vbnRoRmllbGSUk5QpgZR9lChoIowDZGF5lGgkiGglXZRoKSmBlH2UaCxOc2JhdWJoHYwJV2Vla0ZpZWxklJOUKYGUfZQoaCKMBHdlZWuUaCSIaCVdlGgpKYGUfZRoLE5zYmF1YmgdjA5EYXlPZldlZWtGaWVsZJSTlCmBlH2UKGgijAtkYXlfb2Zfd2Vla5RoJIhoJV2UaCkpgZR9lGgsTnNiYXViaB8pgZR9lChoIowEaG91cpRoJIhoJV2UaCkpgZR9lGgsTnNiYXViaB8pgZR9lChoIowGbWludXRllGgkiGglXZRoKSmBlH2UaCxOc2JhdWJoHymBlH2UKGgijAZzZWNvbmSUaCSJaCVdlGgpKYGUfZRoLEsKc2JhdWJljAZqaXR0ZXKUTnVijAhleGVjdXRvcpSMB2RlZmF1bHSUjARhcmdzlCmMBmt3YXJnc5R9lGgiaAOMEm1pc2ZpcmVfZ3JhY2VfdGltZZRLAYwIY29hbGVzY2WUiIwNbWF4X2luc3RhbmNlc5RLAYwNbmV4dF9ydW5fdGltZZSMCGRhdGV0aW1llIwIZGF0ZXRpbWWUk5RDCgfnDA4QAQoAAACUaBiGlFKUdS4="}}, {"model": "django_apscheduler.djangojobexecution", "pk": 1, "fields": {"job": "my_job", "status": "Error!", "run_time": "2023-12-14T15:56:10Z", "duration": "0.01", "finished": "1702569370.01", "exception": "Cannot resolve keyword 'date' into field. Choices are: author, author_id, category, comment, date_time, id, postcategory, rating, subject, text, type", "traceback": "  File \"/home/usr01/PycharmProjects/pythonProject4/venv/lib/python3.10/site-packages/apscheduler/executors/base.py\", line 125, in run_job\n    retval = job.func(*job.args, **job.kwargs)\n  File \"/home/usr01/PycharmProjects/pythonProject4/NewsPortsl/News/management/commands/runapscheduler.py\", line 24, in my_job\n    posts = Post.objects.filter(date__gte=last_week)\n  File \"/home/usr01/PycharmProjects/pythonProject4/venv/lib/python3.10/site-packages/django/db/models/manager.py\", line 87, in manager_method\n    return getattr(self.get_queryset(), name)(*args, **kwargs)\n  File \"/home/usr01/PycharmProjects/pythonProject4/venv/lib/python3.10/site-packages/django/db/models/query.py\", line 1436, in filter\n    return self._filter_or_exclude(False, args, kwargs)\n  File \"/home/usr01/PycharmProjects/pythonProject4/venv/lib/python3.10/site-packages/django/db/models/query.py\", line 1454, in _filter_or_exclude\n    clone._filter_or_exclude_inplace(negate, args, kwargs)\n  File \"/home/usr01/PycharmProjects/pythonProject4/venv/lib/python3.10/site-packages/django/db/models/query.py\", line 1461, in _filter_or_exclude_inplace\n    self._query.add_q(Q(*args, **kwargs))\n  File \"/home/usr01/PycharmProjects/pythonProject4/venv/lib/python3.10/site-packages/django/db/models/sql/query.py\", line 1545, in add_q\n    clause, _ = self._add_q(q_object, self.used_aliases)\n  File \"/home/usr01/PycharmProjects/pythonProject4/venv/lib/python3.10/site-packages/django/db/models/sql/query.py\", line 1576, in _add_q\n    child_clause, needed_inner = self.build_filter(\n  File \"/home/usr01/PycharmProjects/pythonProject4/venv/lib/python3.10/site-packages/django/db/models/sql/query.py\", line 1426, in build_filter\n    lookups, parts, reffed_expression = self.solve_lookup_type(arg, summarize)\n  File \"/home/usr01/PycharmProjects/pythonProject4/venv/lib/python3.10/site-packages/django/db/models/sql/query.py\", line 1236, in solve_lookup_type\n    _, field, _, lookup_parts = self.names_to_path(lookup_splitted, self.get_meta())\n  File \"/home/usr01/PycharmProjects/pythonProject4/venv/lib/python3.10/site-packages/django/db/models/sql/query.py\", line 1724, in names_to_path\n    raise FieldError(\n"}}, {"model": "django_apscheduler.djangojobexecution", "pk": 2, "fields": {"job": "my_job", "status": "Error!", "run_time": "2023-12-14T15:56:20Z", "duration": "0.01", "finished": "1702569380.01", "exception": "Cannot resolve keyword 'date' into field. Choices are: author, author_id, category, comment, date_time, id, postcategory, rating, subject, text, type", "traceback": "  File \"/home/usr01/PycharmProjects/pythonProject4/venv/lib/python3.10/site-packages/apscheduler/executors/base.py\", line 125, in run_job\n    retval = job.func(*job.args, **job.kwargs)\n  File \"/home/usr01/PycharmProjects/pythonProject4/NewsPortsl/News/management/commands/runapscheduler.py\", line 24, in my_job\n    posts = Post.objects.filter(date__gte=last_week)\n  File \"/home/usr01/PycharmProjects/pythonProject4/venv/lib/python3.10/site-packages/django/db/models/manager.py\", line 87, in manager_method\n    return getattr(self.get_queryset(), name)(*args, **kwargs)\n  File \"/home/usr01/PycharmProjects/pythonProject4/venv/lib/python3.10/site-packages/django/db/models/query.py\", line 1436, in filter\n    return self._filter_or_exclude(False, args, kwargs)\n  File \"/home/usr01/PycharmProjects/pythonProject4/venv/lib/python3.10/site-packages/django/db/models/query.py\", line 1454, in _filter_or_exclude\n    clone._filter_or_exclude_inplace(negate, args, kwargs)\n  File \"/home/usr01/PycharmProjects/pythonProject4/venv/lib/python3.10/site-packages/django/db/models/query.py\", line 1461, in _filter_or_exclude_inplace\n    self._query.add_q(Q(*args, **kwargs))\n  File \"/home/usr01/PycharmProjects/pythonProject4/venv/lib/python3.10/site-packages/django/db/models/sql/query.py\", line 1545, in add_q\n    clause, _ = self._add_q(q_object, self.used_aliases)\n  File \"/home/usr01/PycharmProjects/pythonProject4/venv/lib/python3.10/site-packages/django/db/models/sql/query.py\", line 1576, in _add_q\n    child_clause, needed_inner = self.build_filter(\n  File \"/home/usr01/PycharmProjects/pythonProject4/venv/lib/python3.10/site-packages/django/db/models/sql/query.py\", line 1426, in build_filter\n    lookups, parts, reffed_expression = self.solve_lookup_type(arg, summarize)\n  File \"/home/usr01/PycharmProjects/pythonProject4/venv/lib/python3.10/site-packages/django/db/models/sql/query.py\", line 1236, in solve_lookup_type\n    _, field, _, lookup_parts = self.names_to_path(lookup_splitted, self.get_meta())\n  File \"/home/usr01/PycharmProjects/pythonProject4/venv/lib/python3.10/site-packages/django/db/models/sql/query.py\", line 1724, in names_to_path\n    raise FieldError(\n"}}, {"model": "django_apscheduler.djangojobexecution", "pk": 3, "fields": {"job": "my_job", "status": "Error!", "run_time": "2023-12-14T15:56:30Z", "duration": "0.01", "finished": "1702569390.01", "exception": "Cannot resolve keyword 'date' into field. Choices are: author, author_id, category, comment, date_time, id, postcategory, rating, subject, text, type", "traceback": "  File \"/home/usr01/PycharmProjects/pythonProject4/venv/lib/python3.10/site-packages/apscheduler/executors/base.py\", line 125, in run_job\n    retval = job.func(*job.args, **job.kwargs)\n  File \"/home/usr01/PycharmProjects/pythonProject4/NewsPortsl/News/management/commands/runapscheduler.py\", line 24, in my_job\n    posts = Post.objects.filter(date__gte=last_week)\n  File \"/home/usr01/PycharmProjects/pythonProject4/venv/lib/python3.10/site-packages/django/db/models/manager.py\", line 87, in manager_method\n    return getattr(self.get_queryset(), name)(*args, **kwargs)\n  File \"/home/usr01/PycharmProjects/pythonProject4/venv/lib/python3.10/site-packages/django/db/models/query.py\", line 1436, in filter\n    return self._filter_or_exclude(False, args, kwargs)\n  File \"/home/usr01/PycharmProjects/pythonProject4/venv/lib/python3.10/site-packages/django/db/models/query.py\", line 1454, in _filter_or_exclude\n    clone._filter_or_exclude_inplace(negate, args, kwargs)\n  File \"/home/usr01/PycharmProjects/pythonProject4/venv/lib/python3.10/site-packages/django/db/models/query.py\", line 1461, in _filter_or_exclude_inplace\n    self._query.add_q(Q(*args, **kwargs))\n  File \"/home/usr01/PycharmProjects/pythonProject4/venv/lib/python3.10/site-packages/django/db/models/sql/query.py\", line 1545, in add_q\n    clause, _ = self._add_q(q_object, self.used_aliases)\n  File \"/home/usr01/PycharmProjects/pythonProject4/venv/lib/python3.10/site-packages/django/db/models/sql/query.py\", line 1576, in _add_q\n    child_clause, needed_inner = self.build_filter(\n  File \"/home/usr01/PycharmProjects/pythonProject4/venv/lib/python3.10/site-packages/django/db/models/sql/query.py\", line 1426, in build_filter\n    lookups, parts, reffed_expression = self.solve_lookup_type(arg, summarize)\n  File \"/home/usr01/PycharmProjects/pythonProject4/venv/lib/python3.10/site-packages/django/db/models/sql/query.py\", line 1236, in solve_lookup_type\n    _, field, _, lookup_parts = self.names_to_path(lookup_splitted, self.get_meta())\n  File \"/home/usr01/PycharmProjects/pythonProject4/venv/lib/python3.10/site-packages/django/db/models/sql/query.py\", line 1724, in names_to_path\n    raise FieldError(\n"}}, {"model": "django_apscheduler.djangojobexecution", "pk": 4, "fields": {"job": "my_job", "status": "Error!", "run_time": "2023-12-14T15:57:30Z", "duration": "0.01", "finished": "1702569450.01", "exception": "'set' object has no attribute 'values_list'", "traceback": "  File \"/home/usr01/PycharmProjects/pythonProject4/venv/lib/python3.10/site-packages/apscheduler/executors/base.py\", line 125, in run_job\n    retval = job.func(*job.args, **job.kwargs)\n  File \"/home/usr01/PycharmProjects/pythonProject4/NewsPortsl/News/management/commands/runapscheduler.py\", line 26, in my_job\n    subscribers = set(Category.objects.filter(name__in=categories)).values_list('subscribers__email', flat=True)\n"}}, {"model": "django_apscheduler.djangojobexecution", "pk": 5, "fields": {"job": "my_job", "status": "Error!", "run_time": "2023-12-14T15:57:40Z", "duration": "0.01", "finished": "1702569460.01", "exception": "'set' object has no attribute 'values_list'", "traceback": "  File \"/home/usr01/PycharmProjects/pythonProject4/venv/lib/python3.10/site-packages/apscheduler/executors/base.py\", line 125, in run_job\n    retval = job.func(*job.args, **job.kwargs)\n  File \"/home/usr01/PycharmProjects/pythonProject4/NewsPortsl/News/management/commands/runapscheduler.py\", line 26, in my_job\n    subscribers = set(Category.objects.filter(name__in=categories)).values_list('subscribers__email', flat=True)\n"}}, {"model": "django_apscheduler.djangojobexecution", "pk": 6, "fields": {"job": "my_job", "status": "Error!", "run_time": "2023-12-14T15:57:50Z", "duration": "0.03", "finished": "1702569470.03", "exception": "'set' object has no attribute 'values_list'", "traceback": "  File \"/home/usr01/PycharmProjects/pythonProject4/venv/lib/python3.10/site-packages/apscheduler/executors/base.py\", line 125, in run_job\n    retval = job.func(*job.args, **job.kwargs)\n  File \"/home/usr01/PycharmProjects/pythonProject4/NewsPortsl/News/management/commands/runapscheduler.py\", line 26, in my_job\n    subscribers = set(Category.objects.filter(name__in=categories)).values_list('subscribers__email', flat=True)\n"}}, {"model": "django_apscheduler.djangojobexecution", "pk": 7, "fields": {"job": "my_job", "status": "Executed", "run_time": "2023-12-14T15:59:50Z", "duration": "0.07", "finished": "1702569590.07", "exception": null, "traceback": null}}, {"model": "django_apscheduler.djangojobexecution", "pk": 8, "fields": {"job": "my_job", "status": "Executed", "run_time": "2023-12-14T16:00:00Z", "duration": "0.01", "finished": "1702569600.01", "exception": null, "traceback": null}}, {"model": "django_apscheduler.djangojobexecution", "pk": 9, "fields": {"job": "my_job", "status": "Executed", "run_time": "2023-12-14T16:00:10Z", "duration": "0.01", "finished": "1702569610.01", "exception": null, "traceback": null}}, {"model": "django_apscheduler.djangojobexecution", "pk": 10, "fields": {"job": "my_job", "status": "Executed", "run_time": "2023-12-14T16:00:20Z", "duration": "0.03", "finished": "1702569620.03", "exception": null, "traceback": null}}, {"model": "django_apscheduler.djangojobexecution", "pk": 11, "fields": {"job": "my_job", "status": "Executed", "run_time": "2023-12-14T16:00:30Z", "duration": "0.03", "finished": "1702569630.03", "exception": null, "traceback": null}}, {"model": "django_apscheduler.djangojobexecution", "pk": 12, "fields": {"job": "my_job", "status": "Executed", "run_time": "2023-12-14T16:00:40Z", "duration": "0.01", "finished": "1702569640.01", "exception": null, "traceback": null}}, {"model": "django_apscheduler.djangojobexecution", "pk": 13, "fields": {"job": "my_job", "status": "Executed", "run_time": "2023-12-14T16:00:50Z", "duration": "0.03", "finished": "1702569650.03", "exception": null, "traceback": null}}, {"model": "django_apscheduler.djangojobexecution", "pk": 14, "fields": {"job": "my_job", "status": "Executed", "run_time": "2023-12-14T16:01:00Z", "duration": "0.06", "finished": "1702569660.06", "exception": null, "traceback": null}}]